Order ID,Order Date,Customer ID,Customer Name,Region,Segment,Product,Category,Quantity,Unit Price,Discount,Sales,Cost,Profit,Month,Profit Margin
ORD0067,2025-01-01,CUST003,Customer 003,North,Corporate,Mouse,Accessories,2,1080.0,0.05,2052.0,1422.57,629.43,Jan-2025,0.3067397660818713
ORD0022,2025-01-02,CUST002,Customer 002,South,Consumer,Keyboard,Accessories,3,1841.0,0.15,4694.55,3372.24,1322.31,Jan-2025,0.28166916956896826
ORD0217,2025-01-03,CUST021,Customer 021,North,Consumer,Printer,Electronics,4,16625.0,0.15,56525.0,45796.7,10728.3,Jan-2025,0.189797434763379
ORD0075,2025-01-05,CUST055,Customer 055,North,Corporate,Keyboard,Accessories,2,3064.0,0.15,5208.8,3667.34,1541.46,Jan-2025,0.2959338043311319
ORD0098,2025-01-06,CUST002,Customer 002,West,Corporate,Mouse,Accessories,3,1639.0,0.1,4425.3,3191.81,1233.49,Jan-2025,0.27873590491040157
ORD0036,2025-01-06,CUST035,Customer 035,East,Consumer,Headphones,Accessories,1,4749.0,0.05,4511.55,3765.63,745.92,Jan-2025,0.1653356385277787
ORD0029,2025-01-09,CUST041,Customer 041,North,Small Business,Keyboard,Accessories,4,3147.0,0.1,11329.2,8437.1,2892.1,Jan-2025,0.2552783956501783
ORD0206,2025-01-12,CUST042,Customer 042,South,Consumer,Keyboard,Accessories,2,3420.0,0.0,6840.0,5692.86,1147.14,Jan-2025,0.16771052631578948
ORD0191,2025-01-12,CUST013,Customer 013,West,Consumer,Mouse,Accessories,3,863.0,0.15,2200.65,1615.06,585.59,Jan-2025,0.2660986526708018
ORD0054,2025-01-12,CUST031,Customer 031,West,Consumer,Keyboard,Accessories,1,1417.0,0.1,1275.3,881.73,393.57,Jan-2025,0.30860973888496823
ORD0149,2025-01-14,CUST031,Customer 031,West,Corporate,Keyboard,Accessories,4,1477.0,0.0,5908.0,4675.63,1232.37,Jan-2025,0.20859343263371696
ORD0109,2025-01-15,CUST047,Customer 047,North,Consumer,Mouse,Accessories,4,1490.0,0.05,5662.0,4753.99,908.01,Jan-2025,0.1603691275167785
ORD0195,2025-01-20,CUST060,Customer 060,South,Corporate,Laptop,Electronics,1,62710.0,0.05,59574.5,40790.85,18783.65,Jan-2025,0.31529681323385006
ORD0177,2025-01-21,CUST047,Customer 047,East,Consumer,Keyboard,Accessories,3,3418.0,0.1,9228.6,6928.54,2300.06,Jan-2025,0.24923173612465593
ORD0219,2025-01-21,CUST023,Customer 023,East,Small Business,Keyboard,Accessories,4,2689.0,0.1,9680.4,6959.79,2720.61,Jan-2025,0.28104313871327635
ORD0190,2025-01-22,CUST026,Customer 026,South,Small Business,Mouse,Accessories,3,1232.0,0.1,3326.4,2305.4,1021.0,Jan-2025,0.30693843193843195
ORD0225,2025-01-26,CUST009,Customer 009,West,Consumer,Headphones,Accessories,4,2939.0,0.1,10580.4,8718.29,1862.11,Jan-2025,0.1759961816188424
ORD0233,2025-01-27,CUST032,Customer 032,South,Small Business,Mouse,Accessories,2,1311.0,0.1,2359.8,1691.82,667.98,Jan-2025,0.28306636155606407
ORD0221,2025-01-27,CUST029,Customer 029,South,Consumer,Tablet,Electronics,3,27876.0,0.0,83628.0,66469.35,17158.65,Jan-2025,0.20517828956808726
ORD0180,2025-01-27,CUST046,Customer 046,West,Corporate,Mouse,Accessories,3,1351.0,0.0,4053.0,2777.13,1275.87,Jan-2025,0.31479644707623977
ORD0200,2025-01-28,CUST002,Customer 002,North,Small Business,Printer,Electronics,1,11927.0,0.1,10734.3,7524.1,3210.2,Jan-2025,0.29906002254455344
ORD0174,2025-01-29,CUST011,Customer 011,South,Corporate,Tablet,Electronics,3,26307.0,0.1,71028.9,56065.05,14963.85,Jan-2025,0.2106726980144702
ORD0168,2025-01-31,CUST023,Customer 023,West,Corporate,Laptop,Electronics,4,60027.0,0.1,216097.2,152504.46,63592.74,Jan-2025,0.29427840804971095
ORD0007,2025-02-04,CUST014,Customer 014,South,Corporate,Keyboard,Accessories,2,2724.0,0.0,5448.0,4157.97,1290.03,Feb-2025,0.2367896475770925
ORD0130,2025-02-05,CUST029,Customer 029,East,Corporate,Keyboard,Accessories,2,3294.0,0.05,6258.6,4592.18,1666.42,Feb-2025,0.266260825104656
ORD0103,2025-02-07,CUST055,Customer 055,South,Consumer,Tablet,Electronics,3,33802.0,0.1,91265.4,76152.24,15113.16,Feb-2025,0.16559572411888843
ORD0061,2025-02-08,CUST045,Customer 045,East,Consumer,Webcam,Accessories,2,2759.0,0.05,5242.1,3934.96,1307.14,Feb-2025,0.2493542664199462
ORD0015,2025-02-11,CUST060,Customer 060,West,Corporate,Laptop,Electronics,3,68436.0,0.05,195042.6,150207.01,44835.59,Feb-2025,0.2298758835249325
ORD0230,2025-02-11,CUST054,Customer 054,East,Corporate,Keyboard,Accessories,1,2793.0,0.15,2374.05,1663.12,710.93,Feb-2025,0.2994587308607653
ORD0095,2025-02-11,CUST041,Customer 041,North,Corporate,Keyboard,Accessories,4,2686.0,0.05,10206.8,7522.16,2684.64,Feb-2025,0.2630246502331779
ORD0085,2025-02-12,CUST048,Customer 048,South,Consumer,Keyboard,Accessories,3,1496.0,0.0,4488.0,3160.92,1327.08,Feb-2025,0.29569518716577536
ORD0138,2025-02-15,CUST002,Customer 002,North,Consumer,Monitor,Electronics,3,13844.0,0.0,41532.0,33365.05,8166.95,Feb-2025,0.19664234806895886
ORD0181,2025-02-15,CUST015,Customer 015,North,Corporate,Mouse,Accessories,2,1318.0,0.05,2504.2,1802.04,702.16,Feb-2025,0.2803929398610335
ORD0121,2025-02-18,CUST007,Customer 007,North,Consumer,Webcam,Accessories,1,3169.0,0.05,3010.55,2088.29,922.26,Feb-2025,0.30634269485642157
ORD0021,2025-02-21,CUST012,Customer 012,East,Consumer,Monitor,Electronics,2,19123.0,0.0,38246.0,32112.81,6133.19,Feb-2025,0.16036160644250377
ORD0159,2025-02-23,CUST047,Customer 047,South,Small Business,Monitor,Electronics,1,21278.0,0.15,18086.3,12801.9,5284.4,Feb-2025,0.29217695161531104
ORD0125,2025-02-24,CUST039,Customer 039,East,Small Business,Tablet,Electronics,2,22603.0,0.05,42945.7,32011.62,10934.08,Feb-2025,0.2546024398251746
ORD0178,2025-02-27,CUST060,Customer 060,West,Corporate,Headphones,Accessories,2,2246.0,0.0,4492.0,3522.93,969.07,Feb-2025,0.21573241317898487
ORD0038,2025-02-27,CUST003,Customer 003,East,Small Business,Mouse,Accessories,4,851.0,0.1,3063.6,2259.05,804.55,Feb-2025,0.26261587674631154
ORD0193,2025-02-28,CUST003,Customer 003,North,Small Business,Laptop,Electronics,3,65203.0,0.0,195609.0,133973.46,61635.54,Feb-2025,0.31509562443445854
ORD0146,2025-02-28,CUST026,Customer 026,East,Corporate,Laptop,Electronics,2,55591.0,0.1,100063.8,82856.8,17207.0,Feb-2025,0.171960289335404
ORD0013,2025-03-03,CUST024,Customer 024,North,Small Business,Headphones,Accessories,4,3731.0,0.1,13431.6,10148.3,3283.3,Mar-2025,0.24444593347032373
ORD0106,2025-03-03,CUST004,Customer 004,South,Small Business,Keyboard,Accessories,2,2103.0,0.1,3785.4,2840.04,945.36,Mar-2025,0.24973846885401807
ORD0099,2025-03-03,CUST057,Customer 057,South,Corporate,Headphones,Accessories,3,3501.0,0.0,10503.0,8435.16,2067.84,Mar-2025,0.1968808911739503
ORD0076,2025-03-04,CUST025,Customer 025,East,Consumer,Webcam,Accessories,3,5061.0,0.0,15183.0,10413.89,4769.11,Mar-2025,0.3141085424487914
ORD0032,2025-03-09,CUST033,Customer 033,North,Consumer,Mouse,Accessories,4,1496.0,0.05,5684.8,4638.09,1046.71,Mar-2025,0.18412433155080213
ORD0223,2025-03-12,CUST056,Customer 056,East,Corporate,Tablet,Electronics,1,22362.0,0.15,19007.7,14395.81,4611.89,Mar-2025,0.24263272252823856
ORD0171,2025-03-15,CUST041,Customer 041,South,Corporate,Webcam,Accessories,3,4265.0,0.0,12795.0,10243.57,2551.43,Mar-2025,0.19940836264165687
ORD0135,2025-03-16,CUST006,Customer 006,North,Consumer,Printer,Electronics,1,16335.0,0.05,15518.25,10719.2,4799.05,Mar-2025,0.3092520097304786
ORD0215,2025-03-17,CUST058,Customer 058,West,Consumer,Keyboard,Accessories,1,2075.0,0.05,1971.25,1528.58,442.67,Mar-2025,0.22456309448319595
ORD0136,2025-03-17,CUST023,Customer 023,West,Corporate,Laptop,Electronics,2,57053.0,0.15,96990.1,79514.66,17475.44,Mar-2025,0.18017756451431638
ORD0222,2025-03-18,CUST004,Customer 004,North,Small Business,Tablet,Electronics,2,21080.0,0.1,37944.0,26903.44,11040.56,Mar-2025,0.29096985030571365
ORD0229,2025-03-19,CUST013,Customer 013,South,Small Business,Mouse,Accessories,2,770.0,0.0,1540.0,1194.31,345.69,Mar-2025,0.22447402597402596
ORD0088,2025-03-19,CUST026,Customer 026,West,Corporate,Headphones,Accessories,1,1823.0,0.05,1731.85,1368.24,363.61,Mar-2025,0.20995467274879467
ORD0185,2025-03-21,CUST054,Customer 054,North,Corporate,Mouse,Accessories,4,1015.0,0.1,3654.0,3035.01,618.99,Mar-2025,0.1694006568144499
ORD0074,2025-03-23,CUST051,Customer 051,East,Consumer,Headphones,Accessories,3,4717.0,0.0,14151.0,11607.58,2543.42,Mar-2025,0.17973429439615576
ORD0147,2025-03-27,CUST058,Customer 058,South,Small Business,Keyboard,Accessories,3,2804.0,0.0,8412.0,6964.32,1447.68,Mar-2025,0.1720970042796006
ORD0002,2025-03-29,CUST053,Customer 053,South,Corporate,Mouse,Accessories,4,1381.0,0.0,5524.0,4394.45,1129.55,Mar-2025,0.2044804489500362
ORD0161,2025-03-30,CUST009,Customer 009,West,Consumer,Printer,Electronics,1,9823.0,0.1,8840.7,6387.37,2453.33,Mar-2025,0.2775040437974368
ORD0055,2025-03-31,CUST034,Customer 034,North,Consumer,Monitor,Electronics,3,13182.0,0.1,35591.4,27783.75,7807.65,Mar-2025,0.21936900487196342
ORD0087,2025-04-02,CUST042,Customer 042,South,Corporate,Monitor,Electronics,1,17487.0,0.05,16612.65,12242.84,4369.81,Apr-2025,0.26304111625779153
ORD0057,2025-04-06,CUST024,Customer 024,North,Small Business,Printer,Electronics,4,16726.0,0.05,63558.8,50855.9,12702.9,Apr-2025,0.19986060152174048
ORD0128,2025-04-06,CUST024,Customer 024,South,Consumer,Headphones,Accessories,4,4324.0,0.15,14701.6,12218.58,2483.02,Apr-2025,0.1688945420906568
ORD0059,2025-04-10,CUST012,Customer 012,West,Small Business,Webcam,Accessories,3,2911.0,0.0,8733.0,7265.94,1467.06,Apr-2025,0.16799038131226382
ORD0231,2025-04-12,CUST042,Customer 042,East,Consumer,Printer,Electronics,1,9715.0,0.0,9715.0,7996.13,1718.87,Apr-2025,0.17692949047864126
ORD0184,2025-04-12,CUST041,Customer 041,South,Small Business,Laptop,Electronics,2,66237.0,0.0,132474.0,92261.09,40212.91,Apr-2025,0.30355322553859626
ORD0001,2025-04-13,CUST052,Customer 052,East,Small Business,Webcam,Accessories,3,6009.0,0.05,17125.65,12867.07,4258.58,Apr-2025,0.24866676593297185
ORD0089,2025-04-17,CUST048,Customer 048,West,Small Business,Laptop,Electronics,2,68025.0,0.0,136050.0,105515.55,30534.45,Apr-2025,0.22443550165380374
ORD0203,2025-04-17,CUST037,Customer 037,West,Small Business,Keyboard,Accessories,4,2292.0,0.1,8251.2,6674.46,1576.74,Apr-2025,0.1910922047702152
ORD0140,2025-04-21,CUST024,Customer 024,East,Small Business,Webcam,Accessories,1,4677.0,0.0,4677.0,3584.34,1092.66,Apr-2025,0.2336241180243746
ORD0028,2025-04-22,CUST057,Customer 057,North,Small Business,Mouse,Accessories,1,890.0,0.0,890.0,732.96,157.04,Apr-2025,0.17644943820224718
ORD0081,2025-04-22,CUST047,Customer 047,South,Corporate,Keyboard,Accessories,1,2627.0,0.1,2364.3,1688.29,676.01,Apr-2025,0.2859239521211352
ORD0030,2025-04-23,CUST008,Customer 008,East,Consumer,Tablet,Electronics,4,28309.0,0.0,113236.0,78838.92,34397.08,Apr-2025,0.30376452718216823
ORD0210,2025-04-24,CUST018,Customer 018,North,Corporate,Mouse,Accessories,4,1638.0,0.1,5896.8,4116.54,1780.26,Apr-2025,0.3019027269027269
ORD0165,2025-04-25,CUST058,Customer 058,South,Small Business,Mouse,Accessories,4,1414.0,0.05,5373.2,3883.34,1489.86,Apr-2025,0.2772761110697536
ORD0019,2025-04-26,CUST013,Customer 013,North,Small Business,Printer,Electronics,3,10482.0,0.05,29873.7,22631.5,7242.2,Apr-2025,0.24242728553878493
ORD0037,2025-04-26,CUST021,Customer 021,East,Corporate,Monitor,Electronics,1,15169.0,0.0,15169.0,11666.3,3502.7,Apr-2025,0.23091172786604258
ORD0068,2025-04-27,CUST006,Customer 006,South,Consumer,Tablet,Electronics,1,34488.0,0.0,34488.0,28369.24,6118.76,Apr-2025,0.17741707260496406
ORD0046,2025-04-27,CUST023,Customer 023,South,Corporate,Keyboard,Accessories,4,2141.0,0.0,8564.0,6037.88,2526.12,Apr-2025,0.2949696403549743
ORD0100,2025-04-28,CUST004,Customer 004,South,Corporate,Keyboard,Accessories,1,2893.0,0.05,2748.35,2179.87,568.48,Apr-2025,0.20684410646387835
ORD0080,2025-04-28,CUST003,Customer 003,East,Consumer,Mouse,Accessories,4,1580.0,0.15,5372.0,3728.95,1643.05,Apr-2025,0.3058544303797468
ORD0047,2025-04-28,CUST048,Customer 048,East,Consumer,Monitor,Electronics,1,14799.0,0.15,12579.15,10038.96,2540.19,Apr-2025,0.20193653784238205
ORD0192,2025-04-29,CUST053,Customer 053,North,Consumer,Headphones,Accessories,3,2066.0,0.0,6198.0,4862.47,1335.53,Apr-2025,0.21547757341077767
ORD0025,2025-05-04,CUST059,Customer 059,South,Small Business,Monitor,Electronics,1,20584.0,0.0,20584.0,14722.47,5861.53,May-2025,0.2847614652157015
ORD0045,2025-05-04,CUST042,Customer 042,South,Consumer,Keyboard,Accessories,1,2117.0,0.05,2011.15,1607.0,404.15,May-2025,0.2009546776719787
ORD0107,2025-05-05,CUST038,Customer 038,East,Corporate,Mouse,Accessories,3,1203.0,0.0,3609.0,2973.57,635.43,May-2025,0.17606816292601826
ORD0133,2025-05-08,CUST032,Customer 032,North,Small Business,Keyboard,Accessories,3,2379.0,0.1,6423.3,5086.07,1337.23,May-2025,0.208184266654212
ORD0112,2025-05-10,CUST027,Customer 027,West,Small Business,Headphones,Accessories,3,3479.0,0.1,9393.3,7287.74,2105.56,May-2025,0.22415551510118917
ORD0005,2025-05-11,CUST037,Customer 037,South,Corporate,Mouse,Accessories,1,1141.0,0.0,1141.0,947.89,193.11,May-2025,0.16924627519719546
ORD0014,2025-05-11,CUST001,Customer 001,East,Corporate,Headphones,Accessories,3,4198.0,0.05,11964.3,9136.39,2827.91,May-2025,0.23636234464197656
ORD0072,2025-05-16,CUST058,Customer 058,South,Small Business,Monitor,Electronics,4,12777.0,0.15,43441.8,36395.27,7046.53,May-2025,0.162206216132849
ORD0232,2025-05-16,CUST033,Customer 033,West,Consumer,Monitor,Electronics,1,18172.0,0.05,17263.4,14036.84,3226.56,May-2025,0.18690176906055583
ORD0162,2025-05-17,CUST003,Customer 003,East,Small Business,Webcam,Accessories,4,2659.0,0.0,10636.0,8817.82,1818.18,May-2025,0.1709458443023693
ORD0104,2025-05-17,CUST034,Customer 034,North,Small Business,Monitor,Electronics,3,21264.0,0.1,57412.8,39482.5,17930.3,May-2025,0.31230492155059497
ORD0102,2025-05-18,CUST044,Customer 044,North,Consumer,Monitor,Electronics,4,20099.0,0.0,80396.0,63435.69,16960.31,May-2025,0.21095962485695807
ORD0114,2025-05-21,CUST040,Customer 040,West,Consumer,Mouse,Accessories,1,907.0,0.1,816.3,632.53,183.77,May-2025,0.2251255665809139
ORD0041,2025-05-22,CUST012,Customer 012,South,Small Business,Printer,Electronics,3,12380.0,0.0,37140.0,28691.57,8448.43,May-2025,0.22747522886375876
ORD0070,2025-05-23,CUST031,Customer 031,West,Corporate,Webcam,Accessories,2,5129.0,0.15,8719.3,5992.53,2726.77,May-2025,0.3127280859702041
ORD0060,2025-05-24,CUST053,Customer 053,East,Consumer,Laptop,Electronics,4,59930.0,0.1,215748.0,172680.37,43067.63,May-2025,0.19962006600292934
ORD0073,2025-05-25,CUST009,Customer 009,East,Consumer,Keyboard,Accessories,4,2586.0,0.0,10344.0,7254.35,3089.65,May-2025,0.2986900618716164
ORD0026,2025-05-27,CUST020,Customer 020,West,Consumer,Headphones,Accessories,4,4792.0,0.05,18209.6,13891.02,4318.58,May-2025,0.23715952025305334
ORD0145,2025-05-29,CUST017,Customer 017,West,Small Business,Headphones,Accessories,2,3730.0,0.15,6341.0,5228.4,1112.6,May-2025,0.17546128370919412
ORD0228,2025-05-29,CUST017,Customer 017,South,Consumer,Monitor,Electronics,1,18420.0,0.05,17499.0,13429.99,4069.01,May-2025,0.23252814446539805
ORD0042,2025-06-02,CUST058,Customer 058,South,Corporate,Mouse,Accessories,1,1607.0,0.1,1446.3,1041.39,404.91,Jun-2025,0.2799626633478532
ORD0226,2025-06-03,CUST027,Customer 027,North,Corporate,Tablet,Electronics,2,30443.0,0.1,54797.4,43149.0,11648.4,Jun-2025,0.21257212933460345
ORD0236,2025-06-07,CUST057,Customer 057,West,Corporate,Tablet,Electronics,4,23909.0,0.1,86072.4,69483.84,16588.56,Jun-2025,0.19272798248916032
ORD0151,2025-06-10,CUST016,Customer 016,South,Small Business,Keyboard,Accessories,4,1736.0,0.0,6944.0,5688.63,1255.37,Jun-2025,0.18078485023041474
ORD0227,2025-06-13,CUST010,Customer 010,North,Small Business,Keyboard,Accessories,2,1552.0,0.0,3104.0,2542.43,561.57,Jun-2025,0.1809181701030928
ORD0078,2025-06-14,CUST010,Customer 010,North,Consumer,Tablet,Electronics,1,22098.0,0.0,22098.0,15915.66,6182.34,Jun-2025,0.2797692098832474
ORD0167,2025-06-19,CUST036,Customer 036,North,Small Business,Mouse,Accessories,2,827.0,0.1,1488.6,1241.21,247.39,Jun-2025,0.16618970845089345
ORD0017,2025-06-19,CUST045,Customer 045,South,Corporate,Monitor,Electronics,1,20715.0,0.1,18643.5,13234.11,5409.39,Jun-2025,0.2901488454421112
ORD0004,2025-06-19,CUST028,Customer 028,East,Consumer,Webcam,Accessories,3,4552.0,0.1,12290.4,8750.12,3540.28,Jun-2025,0.2880524637115147
ORD0224,2025-06-21,CUST056,Customer 056,South,Consumer,Mouse,Accessories,3,1742.0,0.05,4964.7,4026.72,937.98,Jun-2025,0.1889298447036075
ORD0023,2025-06-21,CUST026,Customer 026,North,Small Business,Webcam,Accessories,4,5167.0,0.0,20668.0,15276.64,5391.36,Jun-2025,0.2608554286820205
ORD0066,2025-06-22,CUST013,Customer 013,North,Small Business,Keyboard,Accessories,2,1329.0,0.0,2658.0,1857.42,800.58,Jun-2025,0.301196388261851
ORD0063,2025-06-23,CUST013,Customer 013,North,Corporate,Monitor,Electronics,1,20219.0,0.1,18197.1,12610.88,5586.22,Jun-2025,0.3069840798808602
ORD0033,2025-06-25,CUST012,Customer 012,North,Small Business,Mouse,Accessories,2,918.0,0.0,1836.0,1534.31,301.69,Jun-2025,0.16431917211328975
ORD0160,2025-06-27,CUST018,Customer 018,North,Small Business,Headphones,Accessories,4,4641.0,0.05,17635.8,13750.1,3885.7,Jun-2025,0.22033023735810114
ORD0053,2025-06-28,CUST043,Customer 043,North,Consumer,Webcam,Accessories,3,6192.0,0.1,16718.4,11921.38,4797.02,Jun-2025,0.28693056751842283
ORD0120,2025-06-29,CUST006,Customer 006,West,Corporate,Laptop,Electronics,1,60436.0,0.05,57414.2,44849.81,12564.39,Jun-2025,0.2188376743035695
ORD0051,2025-06-29,CUST031,Customer 031,West,Small Business,Laptop,Electronics,3,62547.0,0.1,168876.9,132634.39,36242.51,Jun-2025,0.21460904362882077
ORD0150,2025-07-02,CUST023,Customer 023,North,Corporate,Laptop,Electronics,3,67060.0,0.05,191121.0,150195.27,40925.73,Jul-2025,0.21413518137724272
ORD0207,2025-07-04,CUST039,Customer 039,East,Corporate,Keyboard,Accessories,3,2400.0,0.0,7200.0,5509.15,1690.85,Jul-2025,0.23484027777777777
ORD0091,2025-07-06,CUST056,Customer 056,North,Corporate,Laptop,Electronics,3,68428.0,0.05,195019.8,149217.09,45802.71,Jul-2025,0.23486184479729752
ORD0008,2025-07-10,CUST018,Customer 018,East,Corporate,Tablet,Electronics,2,24718.0,0.15,42020.6,33463.67,8556.93,Jul-2025,0.2036365496922938
ORD0003,2025-07-11,CUST060,Customer 060,East,Small Business,Monitor,Electronics,4,18117.0,0.0,72468.0,49545.65,22922.35,Jul-2025,0.31630995749848206
ORD0212,2025-07-11,CUST006,Customer 006,North,Small Business,Keyboard,Accessories,1,2136.0,0.1,1922.4,1547.88,374.52,Jul-2025,0.19481897627965042
ORD0124,2025-07-13,CUST054,Customer 054,West,Consumer,Keyboard,Accessories,2,2343.0,0.1,4217.4,2937.32,1280.08,Jul-2025,0.30352349788969507
ORD0131,2025-07-14,CUST023,Customer 023,South,Consumer,Laptop,Electronics,4,64362.0,0.05,244575.6,187914.17,56661.43,Jul-2025,0.23167245628754463
ORD0086,2025-07-14,CUST032,Customer 032,North,Consumer,Mouse,Accessories,1,1768.0,0.05,1679.6,1202.28,477.32,Jul-2025,0.28418671112169563
ORD0044,2025-07-15,CUST006,Customer 006,West,Consumer,Laptop,Electronics,4,61170.0,0.1,220212.0,154618.88,65593.12,Jul-2025,0.2978635133416889
ORD0142,2025-07-20,CUST040,Customer 040,East,Small Business,Headphones,Accessories,1,3967.0,0.05,3768.65,2839.86,928.79,Jul-2025,0.24645164714154935
ORD0134,2025-07-20,CUST054,Customer 054,East,Consumer,Headphones,Accessories,2,4945.0,0.05,9395.5,6647.02,2748.48,Jul-2025,0.2925315310520994
ORD0118,2025-07-21,CUST052,Customer 052,East,Corporate,Tablet,Electronics,2,23669.0,0.05,44971.1,34447.11,10523.99,Jul-2025,0.23401673519215674
ORD0069,2025-07-22,CUST060,Customer 060,North,Corporate,Laptop,Electronics,3,65431.0,0.0,196293.0,138699.55,57593.45,Jul-2025,0.2934055213379998
ORD0169,2025-07-25,CUST013,Customer 013,North,Consumer,Mouse,Accessories,3,832.0,0.0,2496.0,1827.64,668.36,Jul-2025,0.2677724358974359
ORD0204,2025-07-26,CUST006,Customer 006,North,Corporate,Monitor,Electronics,1,12342.0,0.15,10490.7,7340.08,3150.62,Jul-2025,0.30032504980601865
ORD0173,2025-07-29,CUST050,Customer 050,North,Small Business,Webcam,Accessories,3,6860.0,0.1,18522.0,12980.47,5541.53,Jul-2025,0.29918637296188316
ORD0119,2025-07-29,CUST027,Customer 027,South,Consumer,Headphones,Accessories,1,3555.0,0.0,3555.0,2936.57,618.43,Jul-2025,0.17396061884669478
ORD0009,2025-08-03,CUST060,Customer 060,West,Corporate,Laptop,Electronics,4,67668.0,0.1,243604.8,186686.72,56918.08,Aug-2025,0.23364925485868918
ORD0148,2025-08-03,CUST029,Customer 029,East,Consumer,Mouse,Accessories,2,666.0,0.05,1265.4,966.25,299.15,Aug-2025,0.23640746009167057
ORD0010,2025-08-05,CUST060,Customer 060,East,Consumer,Mouse,Accessories,1,769.0,0.1,692.1,478.88,213.22,Aug-2025,0.3080768675046958
ORD0049,2025-08-08,CUST005,Customer 005,South,Corporate,Laptop,Electronics,2,67832.0,0.1,122097.6,92289.65,29807.95,Aug-2025,0.24413215329375842
ORD0129,2025-08-11,CUST055,Customer 055,West,Consumer,Printer,Electronics,3,14699.0,0.1,39687.3,32372.95,7314.35,Aug-2025,0.18429951143060877
ORD0071,2025-08-12,CUST016,Customer 016,West,Corporate,Printer,Electronics,4,9961.0,0.0,39844.0,28175.64,11668.36,Aug-2025,0.29285111936552555
ORD0186,2025-08-13,CUST033,Customer 033,South,Corporate,Printer,Electronics,2,9299.0,0.0,18598.0,13827.76,4770.24,Aug-2025,0.2564920959242929
ORD0239,2025-08-14,CUST014,Customer 014,East,Consumer,Laptop,Electronics,3,58947.0,0.05,167998.95,116595.11,51403.84,Aug-2025,0.3059771504524284
ORD0157,2025-08-14,CUST025,Customer 025,North,Small Business,Headphones,Accessories,4,2311.0,0.15,7857.4,6159.76,1697.64,Aug-2025,0.2160562017970321
ORD0163,2025-08-14,CUST024,Customer 024,South,Consumer,Monitor,Electronics,2,14598.0,0.1,26276.4,19952.72,6323.68,Aug-2025,0.24066005997777473
ORD0175,2025-08-14,CUST029,Customer 029,North,Small Business,Webcam,Accessories,3,4531.0,0.0,13593.0,10971.86,2621.14,Aug-2025,0.19283013315677186
ORD0096,2025-08-17,CUST057,Customer 057,South,Small Business,Monitor,Electronics,2,14253.0,0.05,27080.7,20528.51,6552.19,Aug-2025,0.24195054042177638
ORD0143,2025-08-17,CUST044,Customer 044,East,Small Business,Headphones,Accessories,2,1518.0,0.0,3036.0,2217.3,818.7,Aug-2025,0.26966403162055336
ORD0016,2025-08-19,CUST045,Customer 045,South,Corporate,Mouse,Accessories,1,875.0,0.0,875.0,635.57,239.43,Aug-2025,0.2736342857142857
ORD0093,2025-08-19,CUST022,Customer 022,South,Small Business,Keyboard,Accessories,4,1736.0,0.0,6944.0,5248.52,1695.48,Aug-2025,0.24416474654377882
ORD0094,2025-08-21,CUST045,Customer 045,North,Small Business,Mouse,Accessories,4,1245.0,0.05,4731.0,3781.35,949.65,Aug-2025,0.2007292327203551
ORD0020,2025-08-22,CUST044,Customer 044,North,Corporate,Monitor,Electronics,3,15232.0,0.05,43411.2,34402.64,9008.56,Aug-2025,0.2075169541500811
ORD0062,2025-08-23,CUST011,Customer 011,South,Small Business,Laptop,Electronics,4,65320.0,0.1,235152.0,192518.71,42633.29,Aug-2025,0.18130098829693134
ORD0237,2025-08-25,CUST023,Customer 023,North,Consumer,Keyboard,Accessories,4,1246.0,0.1,4485.6,3601.83,883.77,Aug-2025,0.1970238095238095
ORD0197,2025-08-25,CUST018,Customer 018,South,Small Business,Headphones,Accessories,3,2325.0,0.1,6277.5,4675.79,1601.71,Aug-2025,0.2551509358821187
ORD0141,2025-09-01,CUST043,Customer 043,North,Consumer,Tablet,Electronics,3,28146.0,0.0,84438.0,67832.93,16605.07,Sep-2025,0.1966539946469599
ORD0152,2025-09-04,CUST013,Customer 013,North,Corporate,Mouse,Accessories,4,1719.0,0.0,6876.0,4686.12,2189.88,Sep-2025,0.3184816753926702
ORD0065,2025-09-09,CUST031,Customer 031,East,Corporate,Mouse,Accessories,4,1270.0,0.05,4826.0,3981.53,844.47,Sep-2025,0.174983423124741
ORD0113,2025-09-11,CUST010,Customer 010,West,Corporate,Keyboard,Accessories,2,2122.0,0.05,4031.8,3352.71,679.09,Sep-2025,0.168433454040379
ORD0052,2025-09-15,CUST049,Customer 049,West,Consumer,Printer,Electronics,4,17462.0,0.05,66355.6,49242.97,17112.63,Sep-2025,0.2578927777007517
ORD0079,2025-09-17,CUST001,Customer 001,South,Corporate,Headphones,Accessories,4,1664.0,0.0,6656.0,4549.71,2106.29,Sep-2025,0.31644981971153846
ORD0012,2025-09-18,CUST042,Customer 042,North,Small Business,Keyboard,Accessories,1,3304.0,0.1,2973.6,2235.89,737.71,Sep-2025,0.24808649448479958
ORD0034,2025-09-21,CUST027,Customer 027,North,Consumer,Keyboard,Accessories,1,2356.0,0.05,2238.2,1698.35,539.85,Sep-2025,0.24119828433562687
ORD0006,2025-09-22,CUST026,Customer 026,West,Small Business,Laptop,Electronics,4,58615.0,0.1,211014.0,164084.37,46929.63,Sep-2025,0.22240055162216724
ORD0139,2025-09-24,CUST040,Customer 040,South,Small Business,Keyboard,Accessories,4,2854.0,0.0,11416.0,8797.45,2618.55,Sep-2025,0.22937543798177998
ORD0027,2025-09-24,CUST028,Customer 028,West,Corporate,Headphones,Accessories,2,4736.0,0.1,8524.8,6148.69,2376.11,Sep-2025,0.2787291197447448
ORD0137,2025-09-25,CUST045,Customer 045,South,Corporate,Headphones,Accessories,3,3507.0,0.1,9468.9,7051.5,2417.4,Sep-2025,0.2552989259576086
ORD0043,2025-09-28,CUST054,Customer 054,North,Small Business,Mouse,Accessories,1,1227.0,0.1,1104.3,789.06,315.24,Sep-2025,0.28546590600380334
ORD0220,2025-09-28,CUST004,Customer 004,North,Corporate,Webcam,Accessories,2,3376.0,0.0,6752.0,5258.3,1493.7,Sep-2025,0.2212233412322275
ORD0179,2025-09-28,CUST044,Customer 044,West,Small Business,Mouse,Accessories,4,791.0,0.0,3164.0,2197.67,966.33,Sep-2025,0.3054140328697851
ORD0039,2025-09-30,CUST040,Customer 040,South,Small Business,Headphones,Accessories,3,3981.0,0.05,11345.85,8253.44,3092.41,Sep-2025,0.27255868885980333
ORD0183,2025-10-01,CUST030,Customer 030,North,Consumer,Keyboard,Accessories,2,3442.0,0.1,6195.6,4864.27,1331.33,Oct-2025,0.2148831428755891
ORD0056,2025-10-04,CUST057,Customer 057,West,Corporate,Mouse,Accessories,1,1501.0,0.1,1350.9,1132.7,218.2,Oct-2025,0.16152194833074246
ORD0048,2025-10-05,CUST029,Customer 029,North,Corporate,Keyboard,Accessories,4,2502.0,0.0,10008.0,6997.86,3010.14,Oct-2025,0.300773381294964
ORD0214,2025-10-06,CUST019,Customer 019,East,Consumer,Printer,Electronics,1,10082.0,0.05,9577.9,6521.8,3056.1,Oct-2025,0.31907829482454403
ORD0205,2025-10-12,CUST001,Customer 001,East,Corporate,Laptop,Electronics,2,57700.0,0.0,115400.0,80379.5,35020.5,Oct-2025,0.3034705372616984
ORD0123,2025-10-12,CUST049,Customer 049,East,Small Business,Laptop,Electronics,2,67548.0,0.05,128341.2,93310.1,35031.1,Oct-2025,0.27295287873262836
ORD0238,2025-10-13,CUST021,Customer 021,West,Corporate,Laptop,Electronics,2,56337.0,0.1,101406.6,71028.65,30377.95,Oct-2025,0.299565807353762
ORD0176,2025-10-15,CUST002,Customer 002,West,Consumer,Tablet,Electronics,4,29127.0,0.0,116508.0,96950.75,19557.25,Oct-2025,0.16786186356301713
ORD0126,2025-10-15,CUST050,Customer 050,East,Small Business,Printer,Electronics,4,9244.0,0.0,36976.0,26510.76,10465.24,Oct-2025,0.28302790999567284
ORD0110,2025-10-16,CUST004,Customer 004,North,Small Business,Mouse,Accessories,2,1193.0,0.1,2147.4,1495.59,651.81,Oct-2025,0.30353450684548755
ORD0211,2025-10-16,CUST001,Customer 001,South,Corporate,Monitor,Electronics,4,20268.0,0.1,72964.8,56354.34,16610.46,Oct-2025,0.22765031905795668
ORD0216,2025-10-18,CUST044,Customer 044,South,Consumer,Laptop,Electronics,3,64052.0,0.1,172940.4,134741.06,38199.34,Oct-2025,0.2208815291279539
ORD0101,2025-10-20,CUST011,Customer 011,South,Consumer,Webcam,Accessories,1,4897.0,0.0,4897.0,3593.7,1303.3,Oct-2025,0.26614253624668166
ORD0156,2025-10-20,CUST037,Customer 037,South,Consumer,Laptop,Electronics,2,69735.0,0.1,125523.0,97421.88,28101.12,Oct-2025,0.22387227838722784
ORD0115,2025-10-20,CUST008,Customer 008,North,Corporate,Headphones,Accessories,1,3517.0,0.05,3341.15,2498.72,842.43,Oct-2025,0.2521377370067192
ORD0155,2025-10-20,CUST025,Customer 025,West,Small Business,Monitor,Electronics,1,21877.0,0.05,20783.15,15410.54,5372.61,Oct-2025,0.2585079740077899
ORD0092,2025-10-21,CUST035,Customer 035,North,Consumer,Keyboard,Accessories,4,1819.0,0.05,6912.2,4722.49,2189.71,Oct-2025,0.3167891554063829
ORD0082,2025-10-21,CUST050,Customer 050,North,Corporate,Mouse,Accessories,2,1266.0,0.0,2532.0,2016.04,515.96,Oct-2025,0.20377567140600317
ORD0024,2025-10-21,CUST024,Customer 024,North,Consumer,Mouse,Accessories,2,1360.0,0.05,2584.0,1794.45,789.55,Oct-2025,0.3055534055727554
ORD0116,2025-10-23,CUST041,Customer 041,West,Corporate,Printer,Electronics,3,10105.0,0.0,30315.0,21417.04,8897.96,Oct-2025,0.29351674088734947
ORD0198,2025-10-25,CUST044,Customer 044,South,Corporate,Keyboard,Accessories,2,1616.0,0.1,2908.8,2207.09,701.71,Oct-2025,0.24123693619361936
ORD0235,2025-10-27,CUST058,Customer 058,South,Corporate,Webcam,Accessories,1,5357.0,0.1,4821.3,3409.99,1411.31,Oct-2025,0.292723954120258
ORD0208,2025-10-28,CUST052,Customer 052,East,Consumer,Headphones,Accessories,2,4065.0,0.0,8130.0,5773.4,2356.6,Oct-2025,0.28986469864698644
ORD0111,2025-10-30,CUST036,Customer 036,East,Consumer,Keyboard,Accessories,4,2114.0,0.1,7610.4,5357.62,2252.78,Oct-2025,0.296013350152423
ORD0090,2025-10-30,CUST056,Customer 056,South,Corporate,Mouse,Accessories,2,1512.0,0.05,2872.8,2284.69,588.11,Oct-2025,0.20471665274296852
ORD0201,2025-10-30,CUST031,Customer 031,West,Corporate,Monitor,Electronics,3,16420.0,0.0,49260.0,37033.89,12226.11,Oct-2025,0.24819549330085264
ORD0218,2025-10-31,CUST037,Customer 037,South,Small Business,Monitor,Electronics,4,18079.0,0.1,65084.4,52723.42,12360.98,Oct-2025,0.18992231625397177
ORD0035,2025-10-31,CUST019,Customer 019,North,Corporate,Mouse,Accessories,4,1375.0,0.0,5500.0,4567.6,932.4,Oct-2025,0.16952727272727272
ORD0144,2025-11-01,CUST017,Customer 017,East,Small Business,Webcam,Accessories,3,4846.0,0.0,14538.0,12114.62,2423.38,Nov-2025,0.1666928050625946
ORD0040,2025-11-02,CUST025,Customer 025,North,Corporate,Mouse,Accessories,4,1214.0,0.05,4613.2,3726.21,886.99,Nov-2025,0.19227217549640163
ORD0108,2025-11-05,CUST040,Customer 040,West,Corporate,Monitor,Electronics,3,13169.0,0.15,33580.95,26207.69,7373.26,Nov-2025,0.2195667484094405
ORD0077,2025-11-07,CUST006,Customer 006,North,Consumer,Headphones,Accessories,1,4999.0,0.15,4249.15,3267.04,982.11,Nov-2025,0.23113093206876673
ORD0117,2025-11-09,CUST001,Customer 001,North,Consumer,Printer,Electronics,3,11047.0,0.05,31483.95,23319.81,8164.14,Nov-2025,0.25931117283568295
ORD0199,2025-11-12,CUST047,Customer 047,East,Consumer,Mouse,Accessories,3,1031.0,0.05,2938.35,2074.96,863.39,Nov-2025,0.2938349754113703
ORD0164,2025-11-12,CUST048,Customer 048,South,Consumer,Headphones,Accessories,1,4970.0,0.0,4970.0,4081.69,888.31,Nov-2025,0.17873440643863178
ORD0188,2025-11-13,CUST003,Customer 003,South,Corporate,Printer,Electronics,1,17426.0,0.0,17426.0,13358.9,4067.1,Nov-2025,0.23339263169975896
ORD0153,2025-11-14,CUST053,Customer 053,North,Small Business,Mouse,Accessories,4,1648.0,0.15,5603.2,4498.94,1104.26,Nov-2025,0.19707667047401486
ORD0097,2025-11-14,CUST030,Customer 030,North,Small Business,Monitor,Electronics,3,20423.0,0.0,61269.0,41841.75,19427.25,Nov-2025,0.31708123194437643
ORD0182,2025-11-15,CUST022,Customer 022,North,Consumer,Mouse,Accessories,1,1308.0,0.05,1242.6,1040.67,201.93,Nov-2025,0.1625060357315307
ORD0213,2025-11-20,CUST034,Customer 034,North,Consumer,Keyboard,Accessories,2,3329.0,0.05,6325.1,5213.27,1111.83,Nov-2025,0.17578062006924788
ORD0172,2025-11-20,CUST027,Customer 027,South,Small Business,Monitor,Electronics,4,12674.0,0.05,48161.2,35414.92,12746.28,Nov-2025,0.26465868790644753
ORD0122,2025-11-23,CUST001,Customer 001,West,Corporate,Keyboard,Accessories,2,2925.0,0.0,5850.0,4818.58,1031.42,Nov-2025,0.1763111111111111
ORD0127,2025-11-24,CUST054,Customer 054,South,Small Business,Keyboard,Accessories,1,1611.0,0.1,1449.9,1041.19,408.71,Nov-2025,0.2818884060969722
ORD0084,2025-11-26,CUST017,Customer 017,South,Small Business,Monitor,Electronics,4,12459.0,0.05,47344.2,34825.74,12518.46,Nov-2025,0.2644138035915698
ORD0158,2025-11-26,CUST043,Customer 043,North,Consumer,Monitor,Electronics,2,12367.0,0.15,21023.9,17075.46,3948.44,Nov-2025,0.18780720988969696
ORD0018,2025-11-27,CUST058,Customer 058,South,Consumer,Laptop,Electronics,1,59770.0,0.0,59770.0,42823.39,16946.61,Nov-2025,0.2835303664045508
ORD0240,2025-11-27,CUST003,Customer 003,South,Small Business,Keyboard,Accessories,3,3367.0,0.1,9090.9,6417.11,2673.79,Nov-2025,0.2941171941171941
ORD0194,2025-11-28,CUST049,Customer 049,West,Corporate,Printer,Electronics,3,12743.0,0.1,34406.1,26857.48,7548.62,Nov-2025,0.2193977230781751
ORD0196,2025-12-01,CUST034,Customer 034,West,Small Business,Tablet,Electronics,3,22706.0,0.05,64712.1,53450.78,11261.32,Dec-2025,0.1740218598994624
ORD0083,2025-12-01,CUST060,Customer 060,West,Consumer,Monitor,Electronics,2,20624.0,0.15,35060.8,24666.39,10394.41,Dec-2025,0.29646813535344313
ORD0166,2025-12-02,CUST040,Customer 040,North,Consumer,Monitor,Electronics,3,20673.0,0.1,55817.1,45430.77,10386.33,Dec-2025,0.1860779223571271
ORD0064,2025-12-05,CUST008,Customer 008,North,Corporate,Keyboard,Accessories,1,3225.0,0.0,3225.0,2661.37,563.63,Dec-2025,0.17476899224806203
ORD0050,2025-12-07,CUST039,Customer 039,North,Corporate,Keyboard,Accessories,2,2198.0,0.05,4176.2,3251.32,924.88,Dec-2025,0.2214644892485992
ORD0234,2025-12-08,CUST006,Customer 006,South,Corporate,Laptop,Electronics,4,64928.0,0.05,246726.4,196617.28,50109.12,Dec-2025,0.20309589893906774
ORD0011,2025-12-10,CUST001,Customer 001,East,Consumer,Monitor,Electronics,4,12141.0,0.0,48564.0,38550.82,10013.18,Dec-2025,0.20618524009554404
ORD0189,2025-12-14,CUST020,Customer 020,South,Corporate,Keyboard,Accessories,3,2314.0,0.1,6247.8,4801.31,1446.49,Dec-2025,0.23151989500304107
ORD0031,2025-12-15,CUST018,Customer 018,West,Consumer,Monitor,Electronics,2,16856.0,0.05,32026.4,26873.77,5152.63,Dec-2025,0.16088695576149675
ORD0209,2025-12-18,CUST038,Customer 038,East,Corporate,Printer,Electronics,2,11298.0,0.1,20336.4,17013.05,3323.35,Dec-2025,0.16341879585374008
ORD0132,2025-12-21,CUST052,Customer 052,South,Small Business,Webcam,Accessories,4,3131.0,0.1,11271.6,8543.75,2727.85,Dec-2025,0.24201089463785086
ORD0187,2025-12-25,CUST026,Customer 026,West,Small Business,Headphones,Accessories,2,4375.0,0.0,8750.0,6888.54,1861.46,Dec-2025,0.2127382857142857
ORD0154,2025-12-25,CUST020,Customer 020,South,Corporate,Headphones,Accessories,2,1512.0,0.05,2872.8,2090.02,782.78,Dec-2025,0.2724798106377053
ORD0170,2025-12-26,CUST031,Customer 031,South,Small Business,Keyboard,Accessories,4,2442.0,0.1,8791.2,6128.49,2662.71,Dec-2025,0.30288356538356537
ORD0202,2025-12-27,CUST001,Customer 001,West,Consumer,Keyboard,Accessories,4,2619.0,0.1,9428.4,6663.3,2765.1,Dec-2025,0.29327351406389207
ORD0105,2025-12-27,CUST037,Customer 037,South,Corporate,Monitor,Electronics,2,20251.0,0.0,40502.0,29068.72,11433.28,Dec-2025,0.28228926966569556
ORD0058,2025-12-27,CUST030,Customer 030,East,Consumer,Printer,Electronics,2,13469.0,0.05,25591.1,18620.64,6970.46,Dec-2025,0.2723782877641055
